<?xml version="1.0" encoding="utf-8" ?><dwsync><file name="header-logo-back.png" server="riagora.com//public_html/mobile/wine/" local="3409036865" remote="11999471072" /><file name="Glass-Champagne.png" server="riagora.com//public_html/mobile/wine/" local="3409036315" remote="11999471192" /><file name="Glass-Pink.png" server="riagora.com//public_html/mobile/wine/" local="3409036306" remote="11999471192" /><file name="Glass-White.png" server="riagora.com//public_html/mobile/wine/" local="3409036258" remote="11999479292" /><file name="header-logo.png" server="riagora.com//public_html/mobile/wine/" local="3409036980" remote="11999471072" /><file name="MenuItem-about.png" server="riagora.com//public_html/mobile/wine/" local="3409036317" remote="11999471072" /><file name="MenuItem-Add.png" server="riagora.com//public_html/mobile/wine/" local="3409036316" remote="11999471072" /><file name="MenuItem-catalog.png" server="riagora.com//public_html/mobile/wine/" local="3409036316" remote="11999471072" /><file name="Glass-Red.png" server="riagora.com//public_html/mobile/wine/" local="3409036266" remote="11999471192" /><file name="Glass-Grey.png" server="riagora.com//public_html/mobile/wine/" local="3409641262" remote="11999547092" /></dwsync>